{
    "nm": "Comp 1",
    "ddd": 0,
    "h": 64,
    "w": 170,
    "meta": {
        "g": "@lottiefiles/toolkit-js 0.26.1"
    },
    "layers": [
        {
            "ty": 4,
            "nm": "Shape Layer 2",
            "sr": 1,
            "st": 0,
            "op": 41.0000016699642,
            "ip": 0,
            "hd": false,
            "ddd": 0,
            "bm": 0,
            "hasMask": false,
            "ao": 0,
            "ks": {
                "a": {
                    "a": 0,
                    "k": [
                        0,
                        0,
                        0
                    ],
                    "ix": 1
                },
                "s": {
                    "a": 1,
                    "k": [
                        {
                            "o": {
                                "x": 0.333,
                                "y": 0
                            },
                            "i": {
                                "x": 0.667,
                                "y": 1
                            },
                            "s": [
                                127,
                                127,
                                100
                            ],
                            "t": 0
                        },
                        {
                            "o": {
                                "x": 0.333,
                                "y": 0
                            },
                            "i": {
                                "x": 0.667,
                                "y": 1
                            },
                            "s": [
                                147,
                                147,
                                100
                            ],
                            "t": 10
                        },
                        {
                            "s": [
                                127,
                                127,
                                100
                            ],
                            "t": 20.0000008146167
                        }
                    ],
                    "ix": 6
                },
                "sk": {
                    "a": 0,
                    "k": 0
                },
                "p": {
                    "a": 0,
                    "k": [
                        36,
                        32,
                        0
                    ],
                    "ix": 2
                },
                "r": {
                    "a": 0,
                    "k": 0,
                    "ix": 10
                },
                "sa": {
                    "a": 0,
                    "k": 0
                },
                "o": {
                    "a": 0,
                    "k": 100,
                    "ix": 11
                }
            },
            "ef": [],
            "shapes": [
                {
                    "ty": "gr",
                    "bm": 0,
                    "hd": false,
                    "mn": "ADBE Vector Group",
                    "nm": "Ellipse 1",
                    "ix": 1,
                    "cix": 2,
                    "np": 3,
                    "it": [
                        {
                            "ty": "el",
                            "bm": 0,
                            "hd": false,
                            "mn": "ADBE Vector Shape - Ellipse",
                            "nm": "Ellipse Path 1",
                            "d": 1,
                            "p": {
                                "a": 0,
                                "k": [
                                    0,
                                    0
                                ],
                                "ix": 3
                            },
                            "s": {
                                "a": 0,
                                "k": [
                                    26.25,
                                    26.25
                                ],
                                "ix": 2
                            }
                        },
                        {
                            "ty": "fl",
                            "bm": 0,
                            "hd": false,
                            "mn": "ADBE Vector Graphic - Fill",
                            "nm": "Fill 1",
                            "c": {
                                "a": 0,
                                "k": [
                                    0.4588,
                                    1,
                                    0.149
                                ],
                                "ix": 4
                            },
                            "r": 1,
                            "o": {
                                "a": 0,
                                "k": 100,
                                "ix": 5
                            }
                        },
                        {
                            "ty": "tr",
                            "a": {
                                "a": 0,
                                "k": [
                                    0,
                                    0
                                ],
                                "ix": 1
                            },
                            "s": {
                                "a": 0,
                                "k": [
                                    100,
                                    100
                                ],
                                "ix": 3
                            },
                            "sk": {
                                "a": 0,
                                "k": 0,
                                "ix": 4
                            },
                            "p": {
                                "a": 0,
                                "k": [
                                    0.375,
                                    0.375
                                ],
                                "ix": 2
                            },
                            "r": {
                                "a": 0,
                                "k": 0,
                                "ix": 6
                            },
                            "sa": {
                                "a": 0,
                                "k": 0,
                                "ix": 5
                            },
                            "o": {
                                "a": 0,
                                "k": 100,
                                "ix": 7
                            }
                        }
                    ]
                }
            ],
            "ind": 1
        },
        {
            "ty": 4,
            "nm": "Shape Layer 1",
            "sr": 1,
            "st": 0,
            "op": 41.0000016699642,
            "ip": 0,
            "hd": false,
            "ddd": 0,
            "bm": 0,
            "hasMask": false,
            "ao": 0,
            "ks": {
                "a": {
                    "a": 0,
                    "k": [
                        0,
                        0,
                        0
                    ],
                    "ix": 1
                },
                "s": {
                    "a": 1,
                    "k": [
                        {
                            "o": {
                                "x": 0.333,
                                "y": 0
                            },
                            "i": {
                                "x": 0.667,
                                "y": 1
                            },
                            "s": [
                                127,
                                127,
                                100
                            ],
                            "t": 0
                        },
                        {
                            "s": [
                                250,
                                250,
                                100
                            ],
                            "t": 40.0000016292334
                        }
                    ],
                    "ix": 6
                },
                "sk": {
                    "a": 0,
                    "k": 0
                },
                "p": {
                    "a": 0,
                    "k": [
                        36,
                        32,
                        0
                    ],
                    "ix": 2
                },
                "r": {
                    "a": 0,
                    "k": 0,
                    "ix": 10
                },
                "sa": {
                    "a": 0,
                    "k": 0
                },
                "o": {
                    "a": 1,
                    "k": [
                        {
                            "o": {
                                "x": 0.333,
                                "y": 0
                            },
                            "i": {
                                "x": 0.667,
                                "y": 1
                            },
                            "s": [
                                100
                            ],
                            "t": 0
                        },
                        {
                            "s": [
                                0
                            ],
                            "t": 40.0000016292334
                        }
                    ],
                    "ix": 11
                }
            },
            "ef": [],
            "shapes": [
                {
                    "ty": "gr",
                    "bm": 0,
                    "hd": false,
                    "mn": "ADBE Vector Group",
                    "nm": "Ellipse 1",
                    "ix": 1,
                    "cix": 2,
                    "np": 3,
                    "it": [
                        {
                            "ty": "el",
                            "bm": 0,
                            "hd": false,
                            "mn": "ADBE Vector Shape - Ellipse",
                            "nm": "Ellipse Path 1",
                            "d": 1,
                            "p": {
                                "a": 0,
                                "k": [
                                    0,
                                    0
                                ],
                                "ix": 3
                            },
                            "s": {
                                "a": 0,
                                "k": [
                                    26.25,
                                    26.25
                                ],
                                "ix": 2
                            }
                        },
                        {
                            "ty": "fl",
                            "bm": 0,
                            "hd": false,
                            "mn": "ADBE Vector Graphic - Fill",
                            "nm": "Fill 1",
                            "c": {
                                "a": 0,
                                "k": [
                                    0.4588,
                                    1,
                                    0.149
                                ],
                                "ix": 4
                            },
                            "r": 1,
                            "o": {
                                "a": 0,
                                "k": 100,
                                "ix": 5
                            }
                        },
                        {
                            "ty": "tr",
                            "a": {
                                "a": 0,
                                "k": [
                                    0,
                                    0
                                ],
                                "ix": 1
                            },
                            "s": {
                                "a": 0,
                                "k": [
                                    100,
                                    100
                                ],
                                "ix": 3
                            },
                            "sk": {
                                "a": 0,
                                "k": 0,
                                "ix": 4
                            },
                            "p": {
                                "a": 0,
                                "k": [
                                    0.375,
                                    0.375
                                ],
                                "ix": 2
                            },
                            "r": {
                                "a": 0,
                                "k": 0,
                                "ix": 6
                            },
                            "sa": {
                                "a": 0,
                                "k": 0,
                                "ix": 5
                            },
                            "o": {
                                "a": 0,
                                "k": 100,
                                "ix": 7
                            }
                        }
                    ]
                }
            ],
            "ind": 2
        }
    ],
    "v": "5.7.8",
    "fr": 29.9700012207031,
    "op": 41.0000016699642,
    "ip": 0,
    "assets": []
}